Apuarema,Alagoas,1193
Capela,Amazonas,5312
Tremedal,Acre,5875
Jutai,Amapá,6022
Apuarema,Alagoas,1193
Capela,Amazonas,5312
Tremedal,Acre,5875
Jutai,Amapá,6022
Apuarema,Alagoas,1193
Capela,Amazonas,5312
Tremedal,Acre,5875
Jutai,Amapá,6022
Apuarema,Alagoas,1193
Capela,Amazonas,5312
Tremedal,Acre,5875
Jutai,Amapá,6022
Apuarema,Alagoas,1193
Capela,Amazonas,5312
Tremedal,Acre,5875
Jutai,Amapá,6022
Apuarema,Alagoas,1193
Capela,Amazonas,5312
Tremedal,Acre,5875
Jutai,Amapá,6022
Apuarema,Alagoas,1193
Capela,Amazonas,5312
Tremedal,Acre,5875
Jutai,Amapá,6022
